Age,Gender,Education,mental_illbeing_cause_1,mental_illbeing_cause_2,mental_illbeing_mechanism_1,mental_illbeing_mechanism_2,favorite_modern_feature_1,favorite_modern_feature_2,least favorite_modern_feature_3,mothers_specific,fathers_specific,children_specific
20,M,14,Social media,Aging,The use of social media has people using filters and enhancements because they are insecure about themselves,Aging can play a part in mental health because some dont want to come to the acceptance that they are getting old,Technology,Internet,Poverty,Being a single mother,Divorce,Bullying
20,M,14,Social media,lack of sleep,Social media has caused alot of people to toxically compare themselves to someone who is living a better life then them,Not being able to sleep can definetly affect your brain and ability to perform,Phones,Social media,Taxes,Not having protection,Losong children,Not fitting in
45,F,8,Stress,Lack of motivation,Stress is a big factor in mental health because people have alot of things going on in their lives that is stressing them out,Not having motivation can cause you to become lazy and an unfulfilled person,"Zoom meeting, you do it in the comfort of your home and you don’t need to leave your house therefore saving money on gasoline.","Second favorite is eradication of the Covid-19 virus so that people can socialize again, without the fear of dying like before.", Least favorite thing is school shootings.,Mothers having to bury their children to gun violence. ,"Father’s loosing their young children to school shootings.
","Unmet expectations, they set their expectations too high and if they don’t achieve it they become suicidal and pick up or buy guns and go on a shooting rampage.
"
19,M,12,Anxiety,Lack of excerise,Alot of people have anxiety after the pandemic because people have been indoors for such a long time,When you don't excercise you start to lack motivation and causes you to become lazy,Technology,AI,Criminals,Working,Money,Discrimination
21,F,16,Nutrition,Stress,People experience alot of hard things in their lives and have to deal with alot of hardship which is how stress comes in to action,Stress can come from alot of things in life and people come acress alot of difficult things in their day to day life ,Sports,communication,Violence,Children,Not being a provider,Being excluded
22,M,16,Stress,Trauma,People go through alot of stress in the workforce and at school,There are alot of people who have experienced alot of tramatic things in their lives which can affect their mental health,Art,Museums,Death,Pregnancy,Divorce,Acceptance
21,M,16,Social media,Anxiety,Social media has caused people to have FOMO (Fear of missing out),People often go through alot of anxiety because of the societal pressures to do well in a specific area,Nature,Sports,Hardship of life,Periods,PTSD,Insecurity
20,M,13,Stress,school,Worklife has alot to do with stress and since people work everyday they experience a significant amount of stress,Alot of people struggle in school and there is alot of pressure to do well in school,Video games,TV,War,Not having financial stability,Stress,Social media
21,M,13,Anxiety,athletics,Individuals are often scared of doing something because they think that they are gonna fail at it.,There is an expectation to practice and perform well and when people are not doing well or continuously get injured it becomes a problem,Shoes,Clothes,Fraud,Working,Divorce,Divorce